﻿{
    "Serilog": {
        "MinimumLevel": {
            "Default": "Error",
            "Override": {
                "Skoruba": "Information"
            }
        },
        "WriteTo": [
            {
                "Name": "Console"
            },
            {
                "Name": "File",
                "Args": {
                    "path": "Log/skoruba_admin.txt",
                    "rollingInterval": "Day"
                }
            },
            {
                "Name": "MSSqlServer",
                "Args": {
                    "connectionString": "Server=(localdb)\\mssqllocaldb;Database=IdentityServer4Admin;Trusted_Connection=True;MultipleActiveResultSets=true",
                    "tableName": "Log",
                    "columnOptionsSection": {
                        "addStandardColumns": [ "LogEvent" ],
                        "removeStandardColumns": [ "Properties" ]
                    }
                }
            }
        ]
    }
}